"","type","cov.M_Atr","cov.X_Atr","cov.F_Atr","cov.M_Rom","cov.X_Rom","cov.F_Rom","cov.M_Ero","cov.X_Ero","cov.F_Ero","mean","th"
"M_Atr","raw",0,-0.0156298755591182,-0.00513943524425087,0.0982352830352189,-0.0478095431662313,0.012039354148598,0.049364784945643,-0.0275030254738997,0.00767581771052139,0,0
"X_Atr","raw",-0.0156298755591182,0,0.0483655958262859,0.0210819050602851,0.00887341921374148,-0.0376753839576418,-0.0841140535679678,-0.110999363183471,-0.0792928462721902,0,0
"F_Atr","raw",-0.00513943524425087,0.0483655958262859,0,-0.0122200373103054,-0.0240328717893576,-0.0708770244259806,-0.0125521004980854,0.00190725802869968,0.115125281155791,0,0
"M_Rom","raw",0.0982352830352189,0.0210819050602851,-0.0122200373103055,0,-0.00447182097457943,-0.00734973759747892,0.0262699175296829,-0.0493443328678722,0.068365614438928,0,0
"X_Rom","raw",-0.0478095431662313,0.00887341921374149,-0.0240328717893576,-0.00447182097457943,0,0.0111333369708451,-0.0416430501919971,-0.0281210246713242,-0.0307797788368749,0,0
"F_Rom","raw",0.012039354148598,-0.0376753839576418,-0.0708770244259806,-0.00734973759747892,0.0111333369708451,0,-0.00940711355683346,-0.0112822488559593,0.0634782078742849,0,0
"M_Ero","raw",0.049364784945643,-0.0841140535679678,-0.0125521004980854,0.0262699175296829,-0.0416430501919971,-0.00940711355683346,0,0.00986965372777238,-0.0187141169864614,0,0
"X_Ero","raw",-0.0275030254738997,-0.110999363183471,0.00190725802869968,-0.0493443328678722,-0.0281210246713242,-0.0112822488559593,0.00986965372777238,0,-0.000972861844270811,0,0
"F_Ero","raw",0.00767581771052139,-0.0792928462721902,0.115125281155791,0.068365614438928,-0.0307797788368749,0.0634782078742849,-0.0187141169864614,-0.000972861844270811,0,0,0
